{
  "cave": {
    "id": "1c725dc8-8226-4ff0-aeed-cb96b4a59cfe",
    "gameId": 79556,
    "game": {
      "pAndroid": false,
      "id": 79556,
      "classification": "game",
      "publishedAt": "2016-08-11 16:51:35",
      "url": "https://clay53-clayton.itch.io/dig-it",
      "canBeBought": false,
      "purchasesCount": 0,
      "shortText": "DigIt",
      "inPressSystem": false,
      "published": true,
      "viewsCount": 43,
      "createdAt": "2016-08-11 16:50:10",
      "downloadsCount": 4,
      "pWindows": false,
      "pLinux": false,
      "title": "Dig It",
      "minPrice": 0,
      "type": "html",
      "hasDemo": false,
      "embed": {
        "width": 640,
        "height": 480,
        "fullscreen": false
      },
      "pOsx": false,
      "userId": 201068
    },
    "uploadId": 253271,
    "uploads": {
      "253271": {
        "filename": "index.zip",
        "updatedAt": "2018-02-18 15:59:43",
        "size": 11384884,
        "id": 253271,
        "pOsx": false,
        "createdAt": "2016-08-11 16:52:20",
        "pWindows": false,
        "pAndroid": false,
        "position": 1,
        "pLinux": false,
        "type": "html",
        "gameId": 79556,
        "preorder": false,
        "demo": false,
        "score": 200
      }
    },
    "installLocation": "0736c40d-0b5f-4838-b88b-5fa294d52b90",
    "installFolder": "Dig It",
    "pathScheme": 2,
    "handPicked": false,
    "fresh": false,
    "launchable": true,
    "installerCache": {
      "253271": "archive"
    },
    "installedBy": {
      "id": 201068,
      "username": "clay53_clayton"
    },
    "installedArchiveMtime": "Sun Feb 18 2018 10:59:59 GMT-0500 (Eastern Standard Time)",
    "installedAt": 1518969599978,
    "launchType": "html",
    "gamePath": "index.html",
    "windowSize": {
      "width": 640,
      "height": 480,
      "fullscreen": false
    },
    "installedSize": 22195367,
    "lastTouched": 1518969603564
  },
  "files": [
    "dig it 1.2.2_Data/globalgamemanagers",
    "dig it 1.2.2_Data/globalgamemanagers.assets",
    "dig it 1.2.2_Data/level0",
    "dig it 1.2.2_Data/level1",
    "dig it 1.2.2_Data/Managed/Assembly-CSharp.dll",
    "dig it 1.2.2_Data/Managed/Mono.Security.dll",
    "dig it 1.2.2_Data/Managed/mscorlib.dll",
    "dig it 1.2.2_Data/Managed/System.Core.dll",
    "dig it 1.2.2_Data/Managed/System.dll",
    "dig it 1.2.2_Data/Managed/UnityEngine.dll",
    "dig it 1.2.2_Data/Managed/UnityEngine.dll.mdb",
    "dig it 1.2.2_Data/Managed/UnityEngine.Networking.dll",
    "dig it 1.2.2_Data/Managed/UnityEngine.UI.dll",
    "dig it 1.2.2_Data/Mono/etc/mono/1.0/DefaultWsdlHelpGenerator.aspx",
    "dig it 1.2.2_Data/Mono/etc/mono/1.0/machine.config",
    "dig it 1.2.2_Data/Mono/etc/mono/2.0/Browsers/Compat.browser",
    "dig it 1.2.2_Data/Mono/etc/mono/2.0/DefaultWsdlHelpGenerator.aspx",
    "dig it 1.2.2_Data/Mono/etc/mono/2.0/machine.config",
    "dig it 1.2.2_Data/Mono/etc/mono/2.0/settings.map",
    "dig it 1.2.2_Data/Mono/etc/mono/2.0/web.config",
    "dig it 1.2.2_Data/Mono/etc/mono/browscap.ini",
    "dig it 1.2.2_Data/Mono/etc/mono/config",
    "dig it 1.2.2_Data/Mono/etc/mono/mconfig/config.xml",
    "dig it 1.2.2_Data/Mono/mono.dll",
    "dig it 1.2.2_Data/resources.assets",
    "dig it 1.2.2_Data/resources.assets.resS",
    "dig it 1.2.2_Data/Resources/unity default resources",
    "dig it 1.2.2_Data/Resources/unity_builtin_extra",
    "dig it 1.2.2_Data/sharedassets0.assets",
    "dig it 1.2.2_Data/sharedassets0.assets.resS",
    "dig it 1.2.2_Data/sharedassets1.assets",
    "dig it 1.2.2.exe"
  ]
}